province_id;hoi4_terrain;eu4_terrain_index
1;frozen;16
2;mountain;6
3;frozen;16
4;frozen;16
5;frozen;16
6;frozen;16
7;frozen;16
8;plains;4
9;mountain;6
10;frozen;16
11;frozen;16
12;frozen;16
13;plains;4
14;plains;4
15;frozen;16
16;plains;4
17;mountain;6
18;plains;4
19;frozen;16
20;frozen;16
21;mountain;6
22;frozen;16
23;frozen;16
24;mountain;6
25;plains;4
26;frozen;16
27;frozen;16
28;forest;12
29;mountain;6
30;frozen;16
31;frozen;16
32;hills;1
33;frozen;16
34;frozen;16
35;frozen;16
36;plains;4
37;mountain;6
38;frozen;16
39;frozen;16
40;frozen;16
41;frozen;16
42;mountain;6
43;frozen;16
44;mountain;6
45;hills;1
46;frozen;16
47;hills;1
48;forest;12
49;frozen;16
50;frozen;16
51;frozen;16
52;frozen;16
53;frozen;16
54;mountain;6
55;frozen;16
56;frozen;16
57;hills;1
58;frozen;16
59;frozen;16
60;plains;4
61;frozen;16
62;mountain;6
63;forest;12
64;mountain;6
65;hills;1
66;forest;12
67;ocean;15
68;frozen;16
69;frozen;16
70;plains;4
71;frozen;16
72;mountain;6
73;plains;4
74;frozen;16
75;ocean;15
76;frozen;16
77;frozen;16
78;mountain;6
79;frozen;16
80;frozen;16
81;frozen;16
82;frozen;16
83;mountain;6
84;mountain;6
85;mountain;6
86;urban;10
87;frozen;16
88;hills;1
89;frozen;16
90;plains;4
91;mountain;6
92;frozen;16
93;hills;1
94;frozen;16
95;frozen;16
96;frozen;16
97;frozen;16
98;frozen;16
99;frozen;16
100;plains;4
101;urban;10
102;frozen;16
103;frozen;16
104;hills;1
105;frozen;16
106;urban;10
107;frozen;16
108;plains;4
109;mountain;6
110;forest;12
111;frozen;16
112;frozen;16
113;frozen;16
114;mountain;6
115;frozen;16
116;frozen;16
117;frozen;16
118;frozen;16
119;frozen;16
120;plains;4
121;mountain;6
122;mountain;6
123;mountain;6
124;forest;12
125;frozen;16
126;urban;10
127;frozen;16
128;plains;4
129;plains;4
130;mountain;6
131;mountain;6
132;frozen;16
133;mountain;6
134;frozen;16
135;hills;1
136;frozen;16
137;urban;10
138;mountain;6
139;ocean;15
140;frozen;16
141;mountain;6
142;ocean;15
143;mountain;6
144;frozen;16
145;mountain;6
146;forest;12
147;frozen;16
148;plains;4
149;frozen;16
150;mountain;6
151;frozen;16
152;frozen;16
153;frozen;16
154;mountain;6
155;frozen;16
156;hills;1
157;frozen;16
158;frozen;16
159;frozen;16
160;frozen;16
161;frozen;16
162;frozen;16
163;plains;4
164;plains;4
165;frozen;16
166;ocean;15
167;hills;1
168;frozen;16
169;frozen;16
170;plains;4
171;frozen;16
172;mountain;6
173;mountain;6
174;frozen;16
175;frozen;16
176;mountain;6
177;frozen;16
178;frozen;16
179;urban;10
180;plains;4
181;plains;4
182;frozen;16
183;mountain;6
184;ocean;15
185;mountain;6
186;frozen;16
187;frozen;16
188;hills;1
189;mountain;6
190;mountain;6
191;frozen;16
192;plains;4
193;plains;4
194;frozen;16
195;mountain;6
196;mountain;6
197;mountain;6
198;frozen;16
199;urban;10
200;frozen;16
201;mountain;6
202;plains;4
203;plains;4
204;frozen;16
205;frozen;16
206;frozen;16
207;frozen;16
208;frozen;16
209;plains;4
210;plains;4
211;forest;12
212;frozen;16
213;mountain;6
214;ocean;15
215;plains;4
216;plains;4
217;mountain;6
218;ocean;15
219;frozen;16
220;frozen;16
221;mountain;6
222;frozen;16
223;plains;4
224;ocean;15
225;frozen;16
226;plains;4
227;frozen;16
228;mountain;6
229;ocean;15
230;mountain;6
231;ocean;15
232;urban;10
233;forest;12
234;urban;10
235;plains;4
236;mountain;6
237;frozen;16
238;frozen;16
239;frozen;16
240;ocean;15
241;plains;4
242;frozen;16
243;mountain;6
244;frozen;16
245;frozen;16
246;frozen;16
247;plains;4
248;frozen;16
249;frozen;16
250;mountain;6
251;plains;4
252;ocean;15
253;mountain;6
254;hills;1
255;mountain;6
256;ocean;15
257;frozen;16
258;lakes;17
259;ocean;15
260;frozen;16
261;hills;1
262;ocean;15
263;plains;4
264;plains;4
265;plains;4
266;ocean;15
267;ocean;15
268;ocean;15
269;mountain;6
270;ocean;15
271;forest;12
272;frozen;16
273;frozen;16
274;hills;1
275;mountain;6
276;frozen;16
277;ocean;15
278;hills;1
279;ocean;15
280;mountain;6
281;ocean;15
282;mountain;6
283;ocean;15
284;plains;4
285;frozen;16
286;mountain;6
287;frozen;16
288;lakes;17
289;mountain;6
290;mountain;6
291;mountain;6
292;mountain;6
293;ocean;15
294;ocean;15
295;mountain;6
296;frozen;16
297;frozen;16
298;mountain;6
299;frozen;16
300;plains;4
301;plains;4
302;frozen;16
303;frozen;16
304;plains;4
305;plains;4
306;mountain;6
307;forest;12
308;ocean;15
309;ocean;15
310;frozen;16
311;frozen;16
312;mountain;6
313;forest;12
314;frozen;16
315;ocean;15
316;ocean;15
317;ocean;15
318;ocean;15
319;ocean;15
320;ocean;15
321;lakes;17
322;mountain;6
323;mountain;6
324;ocean;15
325;ocean;15
326;ocean;15
327;ocean;15
328;lakes;17
329;lakes;17
330;frozen;16
331;ocean;15
332;ocean;15
333;frozen;16
334;ocean;15
335;ocean;15
336;frozen;16
337;plains;4
338;plains;4
339;ocean;15
340;ocean;15
341;hills;1
342;ocean;15
343;mountain;6
344;plains;4
345;mountain;6
346;frozen;16
347;ocean;15
348;ocean;15
349;ocean;15
350;ocean;15
351;frozen;16
352;ocean;15
353;ocean;15
354;ocean;15
355;mountain;6
356;mountain;6
357;mountain;6
358;mountain;6
359;mountain;6
360;mountain;6
361;frozen;16
362;frozen;16
363;frozen;16
364;hills;1
365;frozen;16
366;frozen;16
367;frozen;16
368;frozen;16
369;frozen;16
370;plains;4
371;plains;4
372;plains;4
373;plains;4
374;ocean;15
375;lakes;17
376;lakes;17
377;lakes;17
378;lakes;17
379;lakes;17
380;lakes;17
381;ocean;15
382;ocean;15
383;ocean;15
384;ocean;15
385;ocean;15
386;ocean;15
387;ocean;15
388;ocean;15
389;ocean;15
390;ocean;15
391;ocean;15
392;ocean;15
393;ocean;15
394;ocean;15
395;ocean;15
396;ocean;15
397;ocean;15
398;ocean;15
399;ocean;15
400;ocean;15
401;ocean;15
402;ocean;15
403;ocean;15
404;ocean;15
405;ocean;15
406;ocean;15
407;ocean;15
408;ocean;15
409;ocean;15
410;ocean;15
411;ocean;15
412;ocean;15
413;lakes;17
414;ocean;15
415;ocean;15
416;ocean;15
417;ocean;15
418;ocean;15
419;ocean;15
420;plains;4
421;plains;4
422;plains;4
423;plains;4
424;plains;4
425;frozen;16
426;frozen;16
427;frozen;16
428;frozen;16
429;mountain;6
430;frozen;16
431;mountain;6
432;frozen;16
433;mountain;6
434;ocean;15
435;ocean;15
436;ocean;15
437;ocean;15
438;ocean;15
439;ocean;15
440;ocean;15
441;ocean;15
442;ocean;15
443;ocean;15
444;ocean;15
445;ocean;15
446;ocean;15
447;ocean;15
448;ocean;15
449;ocean;15
450;ocean;15
451;ocean;15
452;ocean;15
453;ocean;15
454;ocean;15
455;ocean;15
456;ocean;15
457;ocean;15
458;ocean;15
459;ocean;15
460;ocean;15
461;ocean;15
462;ocean;15
463;ocean;15
464;ocean;15
465;ocean;15
466;ocean;15
467;ocean;15
468;ocean;15
469;ocean;15
470;ocean;15
471;ocean;15
472;ocean;15
473;ocean;15
474;ocean;15
475;ocean;15
476;ocean;15
477;ocean;15
478;ocean;15
479;ocean;15
480;ocean;15
481;ocean;15
482;ocean;15
483;ocean;15
484;ocean;15
485;ocean;15
486;ocean;15
487;ocean;15
488;ocean;15
489;ocean;15
490;ocean;15
491;ocean;15
492;ocean;15
493;ocean;15
494;ocean;15
495;ocean;15
496;ocean;15
497;ocean;15
498;ocean;15
499;ocean;15
500;ocean;15
501;ocean;15
502;ocean;15
503;ocean;15
504;ocean;15
505;ocean;15
506;ocean;15
507;ocean;15
508;ocean;15
509;ocean;15
510;ocean;15
511;ocean;15
512;ocean;15
513;ocean;15
514;ocean;15
515;ocean;15
516;ocean;15
517;ocean;15
518;ocean;15
519;ocean;15
520;ocean;15
521;ocean;15
522;ocean;15
523;ocean;15
524;ocean;15
525;ocean;15
526;ocean;15
527;ocean;15
528;ocean;15
529;ocean;15
530;ocean;15
531;ocean;15
532;ocean;15
533;ocean;15
534;ocean;15
535;ocean;15
536;ocean;15
537;ocean;15
538;ocean;15
539;ocean;15
540;ocean;15
541;ocean;15
542;ocean;15
543;ocean;15
544;ocean;15
545;ocean;15
546;ocean;15
547;ocean;15
548;ocean;15
549;ocean;15
550;ocean;15
551;ocean;15
552;ocean;15
553;ocean;15
554;ocean;15
555;ocean;15
556;ocean;15
557;ocean;15
558;ocean;15
559;ocean;15
560;ocean;15
561;ocean;15
562;ocean;15
563;ocean;15
564;ocean;15
565;ocean;15
566;ocean;15
567;ocean;15
568;ocean;15
569;ocean;15
570;ocean;15
571;ocean;15
572;ocean;15
573;ocean;15
574;ocean;15
575;ocean;15
576;ocean;15
577;ocean;15
578;ocean;15
579;ocean;15
580;ocean;15
581;ocean;15
582;ocean;15
583;ocean;15
584;ocean;15
585;ocean;15
586;ocean;15
587;ocean;15
588;ocean;15
589;ocean;15
590;ocean;15
591;ocean;15
592;ocean;15
593;ocean;15
594;ocean;15
595;ocean;15
596;ocean;15
597;ocean;15
598;ocean;15
599;ocean;15
600;ocean;15
601;ocean;15
602;ocean;15
603;ocean;15
604;ocean;15
605;ocean;15
606;ocean;15
607;ocean;15
608;ocean;15
609;ocean;15
610;ocean;15
611;ocean;15
612;ocean;15
613;ocean;15
614;ocean;15
615;ocean;15
616;ocean;15
617;ocean;15
618;ocean;15
619;ocean;15
620;ocean;15
621;ocean;15
622;ocean;15
623;ocean;15
624;ocean;15
625;ocean;15
626;ocean;15
627;ocean;15
628;ocean;15
629;ocean;15
630;ocean;15
631;ocean;15
632;ocean;15
633;ocean;15
634;ocean;15
635;ocean;15
636;ocean;15
637;ocean;15
638;ocean;15
639;ocean;15
640;ocean;15
641;ocean;15
642;ocean;15
643;lakes;17
644;ocean;15
645;ocean;15
646;ocean;15
647;ocean;15
648;ocean;15
649;ocean;15
650;ocean;15
651;ocean;15
652;ocean;15
653;ocean;15
654;ocean;15
655;ocean;15
656;ocean;15
657;ocean;15
658;ocean;15
659;ocean;15
660;ocean;15
661;ocean;15
662;ocean;15
663;ocean;15
664;ocean;15
665;ocean;15
666;ocean;15
667;ocean;15
668;ocean;15
669;ocean;15
670;ocean;15
671;ocean;15
672;ocean;15
673;ocean;15
674;ocean;15
675;ocean;15
676;ocean;15
677;ocean;15
678;ocean;15
679;ocean;15
680;ocean;15
681;ocean;15
682;ocean;15
683;ocean;15
684;ocean;15
685;ocean;15
686;ocean;15
687;ocean;15
688;ocean;15
689;ocean;15
690;ocean;15
691;ocean;15
692;ocean;15
693;ocean;15
694;ocean;15
695;ocean;15
696;ocean;15
697;ocean;15
698;ocean;15
699;ocean;15
700;ocean;15
701;ocean;15
702;ocean;15
703;ocean;15
704;ocean;15
705;ocean;15
706;ocean;15
707;ocean;15
708;ocean;15
709;ocean;15
710;ocean;15
711;ocean;15
712;ocean;15
713;ocean;15
714;ocean;15
715;ocean;15
716;ocean;15
717;ocean;15
718;ocean;15
719;ocean;15
720;ocean;15
721;ocean;15
722;ocean;15
723;ocean;15
724;ocean;15
725;ocean;15
726;ocean;15
727;ocean;15
728;ocean;15
729;ocean;15
730;ocean;15
731;ocean;15
732;ocean;15
733;ocean;15
734;ocean;15
735;ocean;15
736;ocean;15
737;ocean;15
738;ocean;15
739;ocean;15
740;ocean;15
741;ocean;15
742;ocean;15
743;ocean;15
744;ocean;15
745;ocean;15
746;ocean;15
747;ocean;15
748;ocean;15
749;ocean;15
750;ocean;15
751;ocean;15
752;ocean;15
753;ocean;15
754;ocean;15
755;ocean;15
756;ocean;15
757;ocean;15
758;ocean;15
759;ocean;15
760;ocean;15
761;ocean;15
762;ocean;15
763;ocean;15
764;ocean;15
765;ocean;15
766;ocean;15
767;ocean;15
768;ocean;15
769;ocean;15
770;ocean;15
771;ocean;15
772;ocean;15
773;ocean;15
774;ocean;15
775;ocean;15
776;ocean;15
777;ocean;15
778;ocean;15
779;ocean;15
780;ocean;15
781;ocean;15
782;ocean;15
783;ocean;15
784;ocean;15
785;ocean;15
786;ocean;15
787;ocean;15
788;lakes;17
789;ocean;15
790;ocean;15
791;ocean;15
792;lakes;17
793;ocean;15
794;ocean;15
795;ocean;15
796;ocean;15
797;ocean;15
798;ocean;15
799;ocean;15
800;ocean;15
801;ocean;15
802;ocean;15
803;ocean;15
804;ocean;15
805;ocean;15
806;ocean;15
807;ocean;15
808;ocean;15
809;ocean;15
810;ocean;15
811;ocean;15
812;ocean;15
813;ocean;15
814;ocean;15
815;ocean;15
816;ocean;15
817;ocean;15
818;ocean;15
819;ocean;15
820;ocean;15
821;ocean;15
822;ocean;15
823;ocean;15
824;ocean;15
825;ocean;15
826;ocean;15
827;ocean;15
828;ocean;15
829;ocean;15
830;ocean;15
831;lakes;17
832;ocean;15
833;lakes;17
834;lakes;17
835;lakes;17
836;ocean;15
837;ocean;15
838;ocean;15
839;lakes;17
840;ocean;15
841;ocean;15
842;lakes;17
843;ocean;15
844;lakes;17
845;lakes;17
846;lakes;17
847;lakes;17
848;lakes;17
849;lakes;17
850;lakes;17
851;lakes;17
852;lakes;17
853;lakes;17
854;lakes;17
855;lakes;17
856;lakes;17
857;lakes;17
858;lakes;17
859;lakes;17
860;lakes;17
861;lakes;17
862;lakes;17
863;lakes;17
864;lakes;17
865;lakes;17
866;lakes;17
867;lakes;17
868;lakes;17
869;lakes;17
870;lakes;17
871;lakes;17
872;lakes;17
873;lakes;17
874;lakes;17
875;lakes;17
876;lakes;17
877;lakes;17
878;lakes;17
879;lakes;17
880;lakes;17
881;lakes;17
882;lakes;17
883;lakes;17
884;lakes;17
885;lakes;17
886;lakes;17
887;lakes;17
888;lakes;17
889;lakes;17
890;lakes;17
891;lakes;17
892;lakes;17
893;lakes;17
894;lakes;17
895;lakes;17
896;lakes;17
897;lakes;17
898;lakes;17
899;lakes;17
900;lakes;17
901;lakes;17
902;lakes;17
903;lakes;17
904;lakes;17
905;lakes;17
906;lakes;17
907;lakes;17
908;lakes;17
909;lakes;17
910;lakes;17
911;lakes;17
912;lakes;17
913;lakes;17
914;lakes;17
915;lakes;17
916;lakes;17
917;lakes;17
918;lakes;17
919;lakes;17
920;lakes;17
921;lakes;17
922;lakes;17
923;lakes;17
924;lakes;17
925;lakes;17
926;lakes;17
927;lakes;17
928;lakes;17
929;lakes;17
930;lakes;17
931;lakes;17
932;lakes;17
933;lakes;17
934;lakes;17
935;lakes;17
936;lakes;17
937;lakes;17
938;lakes;17
939;lakes;17
940;lakes;17
941;lakes;17
942;lakes;17
943;lakes;17
944;lakes;17
945;lakes;17
946;lakes;17
947;lakes;17
948;lakes;17
949;lakes;17
950;lakes;17
951;lakes;17
952;lakes;17
953;lakes;17
954;lakes;17
955;ocean;15
956;lakes;17
957;lakes;17
958;lakes;17
959;ocean;15
960;ocean;15
961;jungle;254
962;plains;4
963;plains;4
964;forest;12
965;forest;12
966;forest;12
967;forest;12
968;mountain;6
969;mountain;6
970;mountain;6
971;urban;10
972;mountain;6
973;mountain;6
974;hills;1
975;hills;1
976;hills;1
977;hills;1
978;hills;1
979;hills;1
980;hills;1
981;plains;4
982;plains;4
983;plains;4
984;plains;4
985;plains;4
986;plains;4
987;urban;10
988;plains;4
989;hills;1
990;plains;4
991;plains;4
992;hills;1
993;plains;4
994;plains;4
995;hills;1
996;hills;1
997;forest;12
998;plains;4
999;forest;12
1000;forest;12
1001;forest;12
1002;forest;12
1003;marsh;9
1004;urban;10
1005;urban;10
1006;plains;4
1007;plains;4
1008;hills;1
1009;hills;1
1010;hills;1
1011;hills;1
1012;plains;4
1013;plains;4
1014;plains;4
1015;plains;4
1016;hills;1
1017;urban;10
1018;hills;1
1019;hills;1
1020;hills;1
1021;plains;4
1022;plains;4
1023;plains;4
1024;plains;4
1025;hills;1
1026;plains;4
1027;plains;4
1028;urban;10
1029;plains;4
1030;urban;10
1031;hills;1
1032;plains;4
1033;forest;12
1034;urban;10
1035;plains;4
1036;plains;4
1037;plains;4
1038;plains;4
1039;plains;4
1040;plains;4
1041;plains;4
1042;plains;4
1043;plains;4
1044;hills;1
1045;plains;4
1046;plains;4
1047;plains;4
1048;hills;1
1049;plains;4
1050;plains;4
1051;plains;4
1052;plains;4
1053;urban;10
1054;plains;4
1055;plains;4
1056;urban;10
1057;urban;10
1058;plains;4
1059;plains;4
1060;hills;1
1061;hills;1
1062;plains;4
1063;plains;4
1064;plains;4
1065;forest;12
1066;forest;12
1067;plains;4
1068;urban;10
1069;forest;12
1070;desert;3
1071;desert;3
1072;desert;3
1073;plains;4
1074;plains;4
1075;plains;4
1076;plains;4
1077;forest;12
1078;forest;12
1079;plains;4
1080;forest;12
1081;forest;12
1082;forest;12
1083;forest;12
1084;forest;12
1085;forest;12
1086;plains;4
1087;plains;4
1088;plains;4
1089;plains;4
1090;plains;4
1091;mountain;6
1092;mountain;6
1093;forest;12
1094;forest;12
1095;forest;12
1096;plains;4
1097;plains;4
1098;plains;4
1099;plains;4
1100;plains;4
1101;marsh;9
1102;plains;4
1103;plains;4
1104;forest;12
1105;forest;12
1106;forest;12
1107;marsh;9
1108;marsh;9
1109;hills;1
1110;hills;1
1111;plains;4
1112;hills;1
1113;forest;12
1114;plains;4
1115;plains;4
1116;plains;4
1117;plains;4
1118;plains;4
1119;plains;4
1120;plains;4
1121;plains;4
1122;plains;4
1123;forest;12
1124;marsh;9
1125;marsh;9
1126;hills;1
1127;hills;1
1128;forest;12
1129;forest;12
1130;forest;12
1131;plains;4
1132;plains;4
1133;plains;4
1134;plains;4
1135;plains;4
1136;plains;4
1137;plains;4
1138;plains;4
1139;plains;4
1140;plains;4
1141;marsh;9
1142;marsh;9
1143;plains;4
1144;plains;4
1145;plains;4
1146;plains;4
1147;plains;4
1148;plains;4
1149;hills;1
1150;hills;1
1151;plains;4
1152;hills;1
1153;plains;4
1154;forest;12
1155;forest;12
1156;plains;4
1157;plains;4
1158;plains;4
1159;hills;1
1160;forest;12
1161;plains;4
1162;hills;1
1163;plains;4
1164;plains;4
1165;jungle;254
1166;jungle;254
1167;jungle;254
1168;plains;4
1169;hills;1
1170;hills;1
1171;plains;4
1172;plains;4
1173;plains;4
1174;plains;4
1175;hills;1
1176;hills;1
1177;plains;4
1178;plains;4
1179;plains;4
1180;urban;10
1181;plains;4
1182;plains;4
1183;plains;4
1184;plains;4
1185;plains;4
1186;plains;4
1187;mountain;6
1188;plains;4
1189;plains;4
1190;hills;1
1191;hills;1
1192;hills;1
1193;plains;4
1194;plains;4
1195;plains;4
1196;plains;4
1197;plains;4
1198;hills;1
1199;hills;1
1200;plains;4
1201;plains;4
1202;plains;4
1203;hills;1
1204;plains;4
1205;plains;4
1206;plains;4
1207;plains;4
1208;plains;4
1209;plains;4
1210;plains;4
1211;plains;4
1212;plains;4
1213;plains;4
1214;plains;4
1215;desert;3
1216;plains;4
1217;plains;4
1218;plains;4
1219;hills;1
1220;hills;1
1221;desert;3
1222;hills;1
1223;hills;1
1224;desert;3
1225;plains;4
1226;mountain;6
1227;plains;4
1228;plains;4
1229;plains;4
1230;plains;4
1231;plains;4
1232;plains;4
1233;forest;12
1234;plains;4
1235;plains;4
1236;plains;4
1237;plains;4
1238;plains;4
1239;plains;4
1240;hills;1
1241;hills;1
1242;mountain;6
1243;hills;1
1244;plains;4
1245;hills;1
1246;mountain;6
1247;plains;4
1248;plains;4
1249;hills;1
1250;plains;4
1251;hills;1
1252;forest;12
1253;desert;3
1254;desert;3
1255;plains;4
1256;plains;4
1257;hills;1
1258;marsh;9
1259;marsh;9
1260;plains;4
1261;plains;4
1262;plains;4
1263;plains;4
1264;plains;4
1265;plains;4
1266;plains;4
1267;plains;4
1268;plains;4
1269;plains;4
1270;forest;12
1271;plains;4
1272;forest;12
1273;plains;4
1274;plains;4
1275;plains;4
1276;plains;4
1277;plains;4
1278;plains;4
1279;plains;4
1280;plains;4
1281;plains;4
1282;hills;1
1283;hills;1
1284;plains;4
1285;desert;3
1286;mountain;6
1287;desert;3
1288;mountain;6
1289;hills;1
1290;hills;1
1291;hills;1
1292;urban;10
1293;urban;10
1294;urban;10
1295;plains;4
1296;hills;1
1297;plains;4
1298;plains;4
1299;plains;4
1300;plains;4
1301;hills;1
1302;hills;1
1303;hills;1
1304;forest;12
1305;plains;4
1306;plains;4
1307;plains;4
1308;plains;4
1309;hills;1
1310;hills;1
1311;plains;4
1312;hills;1
1313;plains;4
1314;hills;1
1315;hills;1
1316;hills;1
1317;hills;1
1318;hills;1
1319;plains;4
1320;plains;4
1321;desert;3
1322;desert;3
1323;desert;3
1324;marsh;9
1325;plains;4
1326;marsh;9
1327;plains;4
1328;hills;1
1329;hills;1
1330;plains;4
1331;desert;3
1332;plains;4
1333;plains;4
1334;forest;12
1335;forest;12
1336;plains;4
1337;hills;1
1338;hills;1
1339;hills;1
1340;plains;4
1341;plains;4
1342;plains;4
1343;plains;4
1344;hills;1
1345;plains;4
1346;jungle;254
1347;forest;12
1348;forest;12
1349;plains;4
1350;plains;4
1351;plains;4
1352;hills;1
1353;desert;3
1354;desert;3
1355;plains;4
1356;plains;4
1357;plains;4
1358;hills;1
1359;plains;4
1360;plains;4
1361;plains;4
1362;plains;4
1363;plains;4
1364;mountain;6
1365;desert;3
1366;plains;4
1367;plains;4
1368;desert;3
1369;desert;3
1370;plains;4
1371;plains;4
1372;jungle;254
1373;plains;4
1374;plains;4
1375;forest;12
1376;plains;4
1377;forest;12
1378;mountain;6
1379;plains;4
1380;plains;4
1381;plains;4
1382;hills;1
1383;plains;4
1384;forest;12
1385;plains;4
1386;plains;4
1387;plains;4
1388;plains;4
1389;forest;12
1390;forest;12
1391;forest;12
1392;plains;4
1393;plains;4
1394;plains;4
1395;plains;4
1396;desert;3
1397;desert;3
1398;desert;3
1399;forest;12
1400;plains;4
1401;forest;12
1402;plains;4
1403;plains;4
1404;plains;4
1405;plains;4
1406;plains;4
1407;desert;3
1408;plains;4
1409;plains;4
1410;plains;4
1411;plains;4
1412;plains;4
1413;plains;4
1414;plains;4
1415;hills;1
1416;hills;1
1417;hills;1
1418;hills;1
1419;plains;4
1420;plains;4
1421;forest;12
1422;desert;3
1423;desert;3
1424;plains;4
1425;plains;4
1426;plains;4
1427;plains;4
1428;forest;12
1429;desert;3
1430;plains;4
1431;forest;12
1432;urban;10
1433;forest;12
1434;plains;4
1435;jungle;254
1436;marsh;9
1437;plains;4
1438;plains;4
1439;plains;4
1440;plains;4
1441;plains;4
1442;plains;4
1443;plains;4
1444;plains;4
1445;forest;12
1446;jungle;254
1447;plains;4
1448;forest;12
1449;plains;4
1450;desert;3
1451;desert;3
1452;desert;3
1453;desert;3
1454;plains;4
1455;plains;4
1456;plains;4
1457;plains;4
1458;plains;4
1459;urban;10
1460;urban;10
1461;forest;12
1462;forest;12
1463;marsh;9
1464;desert;3
1465;desert;3
1466;desert;3
1467;jungle;254
1468;jungle;254
1469;jungle;254
1470;marsh;9
1471;hills;1
1472;forest;12
1473;plains;4
1474;forest;12
1475;hills;1
1476;desert;3
1477;desert;3
1478;desert;3
1479;desert;3
1480;plains;4
1481;plains;4
1482;forest;12
1483;plains;4
1484;plains;4
1485;plains;4
1486;plains;4
1487;plains;4
1488;plains;4
1489;desert;3
1490;desert;3
1491;desert;3
1492;desert;3
1493;desert;3
1494;plains;4
1495;plains;4
1496;hills;1
1497;plains;4
1498;hills;1
1499;hills;1
1500;plains;4
1501;plains;4
1502;plains;4
1503;plains;4
1504;plains;4
1505;forest;12
1506;plains;4
1507;forest;12
1508;plains;4
1509;forest;12
1510;plains;4
1511;jungle;254
1512;jungle;254
1513;plains;4
1514;plains;4
1515;hills;1
1516;hills;1
1517;plains;4
1518;plains;4
1519;plains;4
1520;plains;4
1521;plains;4
1522;hills;1
1523;hills;1
1524;hills;1
1525;jungle;254
1526;jungle;254
1527;desert;3
1528;hills;1
1529;plains;4
1530;plains;4
1531;forest;12
1532;hills;1
1533;hills;1
1534;hills;1
1535;plains;4
1536;plains;4
1537;desert;3
1538;desert;3
1539;desert;3
1540;desert;3
1541;desert;3
1542;desert;3
1543;desert;3
1544;forest;12
1545;forest;12
1546;plains;4
1547;plains;4
1548;desert;3
1549;plains;4
1550;plains;4
1551;plains;4
1552;plains;4
1553;plains;4
1554;forest;12
1555;forest;12
1556;plains;4
1557;plains;4
1558;forest;12
1559;forest;12
1560;desert;3
1561;hills;1
1562;desert;3
1563;forest;12
1564;hills;1
1565;plains;4
1566;desert;3
1567;hills;1
1568;desert;3
1569;hills;1
1570;desert;3
1571;forest;12
1572;hills;1
1573;plains;4
1574;plains;4
1575;jungle;254
1576;hills;1
1577;jungle;254
1578;hills;1
1579;hills;1
1580;hills;1
1581;hills;1
1582;plains;4
1583;plains;4
1584;plains;4
1585;plains;4
1586;forest;12
1587;plains;4
1588;plains;4
1589;plains;4
1590;plains;4
1591;forest;12
1592;forest;12
1593;forest;12
1594;plains;4
1595;plains;4
1596;hills;1
1597;plains;4
1598;plains;4
1599;plains;4
1600;plains;4
1601;plains;4
1602;forest;12
1603;forest;12
1604;hills;1
1605;hills;1
1606;hills;1
1607;hills;1
1608;hills;1
1609;mountain;6
1610;plains;4
1611;plains;4
1612;forest;12
1613;plains;4
1614;forest;12
1615;plains;4
1616;forest;12
1617;hills;1
1618;plains;4
1619;plains;4
1620;plains;4
1621;plains;4
1622;plains;4
1623;forest;12
1624;plains;4
1625;hills;1
1626;plains;4
1627;hills;1
1628;plains;4
1629;plains;4
1630;forest;12
1631;plains;4
1632;hills;1
1633;plains;4
1634;plains;4
1635;plains;4
1636;hills;1
1637;hills;1
1638;plains;4
1639;plains;4
1640;plains;4
1641;plains;4
1642;plains;4
1643;plains;4
1644;forest;12
1645;plains;4
1646;plains;4
1647;desert;3
1648;desert;3
1649;desert;3
1650;plains;4
1651;plains;4
1652;plains;4
1653;plains;4
1654;urban;10
1655;marsh;9
1656;desert;3
1657;jungle;254
1658;jungle;254
1659;jungle;254
1660;jungle;254
1661;desert;3
1662;desert;3
1663;desert;3
1664;desert;3
1665;desert;3
1666;desert;3
1667;desert;3
1668;forest;12
1669;forest;12
1670;plains;4
1671;plains;4
1672;plains;4
1673;plains;4
1674;plains;4
1675;plains;4
1676;plains;4
1677;plains;4
1678;plains;4
1679;plains;4
1680;plains;4
1681;forest;12
1682;hills;1
1683;desert;3
1684;jungle;254
1685;urban;10
1686;plains;4
1687;desert;3
1688;desert;3
1689;desert;3
1690;desert;3
1691;urban;10
1692;plains;4
1693;forest;12
1694;forest;12
1695;plains;4
1696;plains;4
1697;plains;4
1698;plains;4
1699;plains;4
1700;plains;4
1701;plains;4
1702;hills;1
1703;plains;4
1704;hills;1
1705;desert;3
1706;hills;1
1707;forest;12
1708;plains;4
1709;hills;1
1710;plains;4
1711;plains;4
1712;plains;4
1713;plains;4
1714;plains;4
1715;plains;4
1716;hills;1
1717;plains;4
1718;plains;4
1719;plains;4
1720;plains;4
1721;plains;4
1722;forest;12
1723;plains;4
1724;plains;4
1725;plains;4
1726;forest;12
1727;forest;12
1728;hills;1
1729;forest;12
1730;forest;12
1731;plains;4
1732;plains;4
1733;plains;4
1734;hills;1
1735;plains;4
1736;plains;4
1737;plains;4
1738;plains;4
1739;plains;4
1740;jungle;254
1741;hills;1
1742;hills;1
1743;plains;4
1744;plains;4
1745;hills;1
1746;plains;4
1747;forest;12
1748;desert;3
1749;plains;4
1750;jungle;254
1751;hills;1
1752;plains;4
1753;plains;4
1754;plains;4
1755;plains;4
1756;plains;4
1757;hills;1
1758;plains;4
1759;hills;1
1760;plains;4
1761;plains;4
1762;mountain;6
1763;hills;1
1764;plains;4
1765;plains;4
1766;hills;1
1767;forest;12
1768;forest;12
1769;plains;4
1770;plains;4
1771;plains;4
1772;plains;4
1773;hills;1
1774;forest;12
1775;desert;3
1776;desert;3
1777;hills;1
1778;hills;1
1779;hills;1
1780;hills;1
1781;plains;4
1782;desert;3
1783;hills;1
1784;hills;1
1785;hills;1
1786;urban;10
1787;hills;1
1788;plains;4
1789;plains;4
1790;hills;1
1791;plains;4
1792;plains;4
1793;plains;4
1794;hills;1
1795;desert;3
1796;desert;3
1797;plains;4
1798;desert;3
1799;urban;10
1800;plains;4
1801;plains;4
1802;forest;12
1803;hills;1
1804;hills;1
1805;plains;4
1806;hills;1
1807;desert;3
1808;desert;3
1809;plains;4
1810;plains;4
1811;plains;4
1812;plains;4
1813;urban;10
1814;plains;4
1815;desert;3
1816;desert;3
1817;plains;4
1818;hills;1
1819;plains;4
1820;hills;1
1821;plains;4
1822;marsh;9
1823;hills;1
1824;hills;1
1825;marsh;9
1826;urban;10
1827;plains;4
1828;plains;4
1829;plains;4
1830;plains;4
1831;plains;4
1832;hills;1
1833;hills;1
1834;forest;12
1835;plains;4
1836;plains;4
1837;plains;4
1838;plains;4
1839;plains;4
1840;forest;12
1841;forest;12
1842;plains;4
1843;plains;4
1844;plains;4
1845;plains;4
1846;plains;4
1847;hills;1
1848;hills;1
1849;hills;1
1850;marsh;9
1851;urban;10
1852;desert;3
1853;forest;12
1854;plains;4
1855;hills;1
1856;forest;12
1857;plains;4
1858;hills;1
1859;hills;1
1860;plains;4
1861;plains;4
1862;plains;4
1863;hills;1
1864;hills;1
1865;hills;1
1866;urban;10
1867;urban;10
1868;urban;10
1869;urban;10
1870;marsh;9
1871;marsh;9
1872;marsh;9
1873;marsh;9
1874;hills;1
1875;forest;12
1876;forest;12
1877;urban;10
1878;hills;1
1879;plains;4
1880;plains;4
1881;hills;1
1882;forest;12
1883;plains;4
1884;urban;10
1885;plains;4
1886;forest;12
1887;hills;1
1888;hills;1
1889;jungle;254
1890;jungle;254
1891;jungle;254
1892;forest;12
1893;plains;4
1894;plains;4
1895;plains;4
1896;plains;4
1897;urban;10
1898;plains;4
1899;plains;4
1900;forest;12
1901;plains;4
1902;plains;4
1903;plains;4
1904;hills;1
1905;hills;1
1906;plains;4
1907;plains;4
1908;plains;4
1909;forest;12
1910;forest;12
1911;forest;12
1912;forest;12
1913;plains;4
1914;plains;4
1915;plains;4
1916;mountain;6
1917;hills;1
1918;mountain;6
1919;plains;4
1920;plains;4
1921;plains;4
1922;plains;4
1923;plains;4
1924;plains;4
1925;forest;12
1926;plains;4
1927;plains;4
1928;forest;12
1929;hills;1
1930;plains;4
1931;plains;4
1932;urban;10
1933;forest;12
1934;plains;4
1935;urban;10
1936;forest;12
1937;hills;1
1938;urban;10
1939;hills;1
1940;hills;1
1941;hills;1
1942;hills;1
1943;hills;1
1944;hills;1
1945;plains;4
1946;plains;4
1947;plains;4
1948;plains;4
1949;plains;4
1950;plains;4
1951;hills;1
1952;hills;1
1953;plains;4
1954;plains;4
1955;hills;1
1956;hills;1
1957;forest;12
1958;hills;1
1959;hills;1
1960;hills;1
1961;plains;4
1962;plains;4
1963;forest;12
1964;forest;12
1965;forest;12
1966;plains;4
1967;hills;1
1968;hills;1
1969;desert;3
1970;hills;1
1971;hills;1
1972;forest;12
1973;forest;12
1974;forest;12
1975;hills;1
1976;hills;1
1977;plains;4
1978;hills;1
1979;hills;1
1980;forest;12
1981;hills;1
1982;forest;12
1983;forest;12
1984;forest;12
1985;forest;12
1986;plains;4
1987;forest;12
1988;hills;1
1989;plains;4
1990;plains;4
1991;plains;4
1992;urban;10
1993;plains;4
1994;plains;4
1995;plains;4
1996;plains;4
1997;forest;12
1998;forest;12
1999;forest;12
2000;forest;12
2001;plains;4
2002;plains;4
2003;plains;4
2004;plains;4
2005;plains;4
2006;plains;4
2007;plains;4
2008;forest;12
2009;plains;4
2010;plains;4
2011;plains;4
2012;hills;1
2013;hills;1
2014;hills;1
2015;hills;1
2016;hills;1
2017;plains;4
2018;plains;4
2019;plains;4
2020;hills;1
2021;plains;4
2022;hills;1
2023;hills;1
2024;hills;1
2025;hills;1
2026;marsh;9
2027;hills;1
2028;plains;4
2029;plains;4
2030;plains;4
2031;plains;4
2032;plains;4
2033;hills;1
2034;hills;1
2035;forest;12
2036;plains;4
2037;forest;12
2038;marsh;9
2039;plains;4
2040;plains;4
2041;plains;4
2042;hills;1
2043;plains;4
2044;hills;1
2045;hills;1
2046;hills;1
2047;hills;1
2048;hills;1
2049;hills;1
2050;hills;1
2051;hills;1
2052;forest;12
2053;plains;4
2054;plains;4
2055;hills;1
2056;plains;4
2057;forest;12
2058;forest;12
2059;forest;12
2060;plains;4
2061;plains;4
2062;forest;12
2063;plains;4
2064;plains;4
2065;plains;4
2066;plains;4
2067;hills;1
2068;hills;1
2069;forest;12
2070;plains;4
2071;plains;4
2072;plains;4
2073;plains;4
2074;plains;4
2075;forest;12
2076;hills;1
2077;hills;1
2078;plains;4
2079;plains;4
2080;plains;4
2081;plains;4
2082;plains;4
2083;plains;4
2084;hills;1
2085;forest;12
2086;forest;12
2087;plains;4
2088;plains;4
2089;plains;4
2090;plains;4
2091;plains;4
2092;plains;4
2093;plains;4
2094;plains;4
2095;forest;12
2096;forest;12
2097;plains;4
2098;hills;1
2099;plains;4
2100;plains;4
2101;plains;4
2102;hills;1
2103;hills;1
2104;jungle;254
2105;jungle;254
2106;plains;4
2107;plains;4
2108;plains;4
2109;plains;4
2110;desert;3
2111;mountain;6
2112;desert;3
2113;mountain;6
2114;plains;4
2115;plains;4
2116;plains;4
2117;plains;4
2118;desert;3
2119;desert;3
2120;desert;3
2121;plains;4
2122;desert;3
2123;plains;4
2124;plains;4
2125;forest;12
2126;plains;4
2127;plains;4
2128;plains;4
2129;hills;1
2130;desert;3
2131;mountain;6
2132;forest;12
2133;forest;12
2134;forest;12
2135;forest;12
2136;forest;12
2137;forest;12
2138;forest;12
2139;forest;12
2140;plains;4
2141;forest;12
2142;forest;12
2143;forest;12
2144;forest;12
2145;hills;1
2146;forest;12
2147;hills;1
2148;hills;1
2149;urban;10
2150;desert;3
2151;desert;3
2152;desert;3
2153;hills;1
2154;hills;1
2155;plains;4
2156;plains;4
2157;plains;4
2158;plains;4
2159;plains;4
2160;plains;4
2161;plains;4
2162;plains;4
2163;plains;4
2164;plains;4
2165;plains;4
2166;hills;1
2167;plains;4
2168;hills;1
2169;mountain;6
2170;hills;1
2171;plains;4
2172;hills;1
2173;plains;4
2174;plains;4
2175;forest;12
2176;plains;4
2177;plains;4
2178;plains;4
2179;plains;4
2180;urban;10
2181;plains;4
2182;mountain;6
2183;hills;1
2184;hills;1
2185;plains;4
2186;plains;4
2187;hills;1
2188;hills;1
2189;hills;1
2190;hills;1
2191;forest;12
2192;hills;1
2193;hills;1
2194;hills;1
2195;hills;1
2196;hills;1
2197;mountain;6
2198;plains;4
2199;plains;4
2200;desert;3
2201;desert;3
2202;desert;3
2203;desert;3
2204;hills;1
2205;jungle;254
2206;marsh;9
2207;plains;4
2208;jungle;254
2209;hills;1
2210;jungle;254
2211;jungle;254
2212;hills;1
2213;hills;1
2214;hills;1
2215;hills;1
2216;hills;1
2217;hills;1
2218;mountain;6
2219;plains;4
2220;plains;4
2221;plains;4
2222;forest;12
2223;plains;4
2224;hills;1
2225;hills;1
2226;plains;4
2227;plains;4
2228;plains;4
2229;plains;4
2230;plains;4
2231;plains;4
2232;forest;12
2233;forest;12
2234;plains;4
2235;hills;1
2236;plains;4
2237;plains;4
2238;forest;12
2239;forest;12
2240;plains;4
2241;plains;4
2242;plains;4
2243;plains;4
2244;plains;4
2245;hills;1
2246;plains;4
2247;hills;1
2248;plains;4
2249;plains;4
2250;plains;4
2251;mountain;6
2252;forest;12
2253;forest;12
2254;hills;1
2255;hills;1
2256;plains;4
2257;plains;4
2258;hills;1
2259;plains;4
2260;forest;12
2261;plains;4
2262;hills;1
2263;hills;1
2264;plains;4
2265;plains;4
2266;desert;3
2267;desert;3
2268;hills;1
2269;plains;4
2270;plains;4
2271;plains;4
2272;forest;12
2273;forest;12
2274;forest;12
2275;forest;12
2276;forest;12
2277;mountain;6
2278;plains;4
2279;marsh;9
2280;plains;4
2281;forest;12
2282;forest;12
2283;hills;1
2284;plains;4
2285;mountain;6
2286;forest;12
2287;forest;12
2288;forest;12
2289;forest;12
2290;forest;12
2291;forest;12
2292;forest;12
2293;plains;4
2294;urban;10
2295;forest;12
2296;hills;1
2297;plains;4
2298;hills;1
2299;plains;4
2300;plains;4
2301;plains;4
2302;hills;1
2303;plains;4
2304;plains;4
2305;plains;4
2306;plains;4
2307;plains;4
2308;plains;4
2309;plains;4
2310;plains;4
2311;plains;4
2312;plains;4
2313;plains;4
2314;hills;1
2315;plains;4
2316;plains;4
2317;plains;4
2318;plains;4
2319;jungle;254
2320;plains;4
2321;plains;4
2322;forest;12
2323;jungle;254
2324;plains;4
2325;forest;12
2326;jungle;254
2327;forest;12
2328;forest;12
2329;urban;10
2330;plains;4
2331;plains;4
2332;plains;4
2333;plains;4
2334;plains;4
2335;plains;4
2336;marsh;9
2337;plains;4
2338;mountain;6
2339;desert;3
2340;mountain;6
2341;desert;3
2342;desert;3
2343;desert;3
2344;desert;3
2345;desert;3
2346;desert;3
2347;marsh;9
2348;desert;3
2349;desert;3
2350;mountain;6
2351;desert;3
2352;mountain;6
2353;hills;1
2354;desert;3
2355;desert;3
2356;mountain;6
2357;desert;3
2358;plains;4
2359;plains;4
2360;plains;4
2361;desert;3
2362;desert;3
2363;desert;3
2364;plains;4
2365;plains;4
2366;plains;4
2367;plains;4
2368;plains;4
2369;desert;3
2370;plains;4
2371;plains;4
2372;plains;4
2373;plains;4
2374;hills;1
2375;plains;4
2376;forest;12
2377;marsh;9
2378;marsh;9
2379;plains;4
2380;marsh;9
2381;plains;4
2382;plains;4
2383;forest;12
2384;hills;1
2385;forest;12
2386;hills;1
2387;hills;1
2388;hills;1
2389;urban;10
2390;hills;1
2391;plains;4
2392;plains;4
2393;forest;12
2394;forest;12
2395;forest;12
2396;plains;4
2397;hills;1
2398;plains;4
2399;plains;4
2400;hills;1
2401;hills;1
2402;hills;1
2403;plains;4
2404;plains;4
2405;plains;4
2406;hills;1
2407;plains;4
2408;hills;1
2409;hills;1
2410;hills;1
2411;hills;1
2412;hills;1
2413;urban;10
2414;hills;1
2415;plains;4
2416;hills;1
2417;plains;4
2418;plains;4
2419;plains;4
2420;plains;4
2421;plains;4
2422;forest;12
2423;plains;4
2424;forest;12
2425;plains;4
2426;forest;12
2427;plains;4
2428;forest;12
2429;hills;1
2430;hills;1
2431;hills;1
2432;hills;1
2433;hills;1
2434;plains;4
2435;plains;4
2436;plains;4
2437;plains;4
2438;hills;1
2439;plains;4
2440;plains;4
2441;forest;12
2442;plains;4
2443;plains;4
2444;urban;10
2445;urban;10
2446;plains;4
2447;forest;12
2448;plains;4
2449;plains;4
2450;plains;4
2451;plains;4
2452;plains;4
2453;plains;4
2454;plains;4
2455;plains;4
2456;hills;1
2457;plains;4
2458;hills;1
2459;plains;4
2460;plains;4
2461;plains;4
2462;plains;4
2463;plains;4
2464;plains;4
2465;plains;4
2466;plains;4
2467;plains;4
2468;plains;4
2469;hills;1
2470;urban;10
2471;plains;4
2472;plains;4
2473;hills;1
2474;plains;4
2475;plains;4
2476;plains;4
2477;hills;1
2478;plains;4
2479;hills;1
2480;hills;1
2481;hills;1
2482;hills;1
2483;forest;12
2484;plains;4
2485;plains;4
2486;plains;4
2487;urban;10
2488;hills;1
2489;plains;4
2490;hills;1
2491;forest;12
2492;plains;4
2493;plains;4
2494;plains;4
2495;plains;4
2496;plains;4
2497;plains;4
2498;plains;4
2499;plains;4
2500;plains;4
2501;plains;4
2502;plains;4
2503;plains;4
2504;forest;12
2505;plains;4
2506;forest;12
2507;plains;4
2508;desert;3
2509;plains;4
2510;plains;4
2511;jungle;254
2512;jungle;254
2513;jungle;254
2514;hills;1
2515;desert;3
2516;plains;4
2517;plains;4
2518;plains;4
2519;plains;4
2520;plains;4
2521;plains;4
2522;plains;4
2523;plains;4
2524;plains;4
2525;plains;4
2526;plains;4
2527;plains;4
2528;hills;1
2529;plains;4
2530;hills;1
2531;plains;4
2532;plains;4
2533;plains;4
2534;plains;4
2535;plains;4
2536;plains;4
2537;plains;4
2538;plains;4
2539;hills;1
2540;hills;1
2541;jungle;254
2542;forest;12
2543;plains;4
2544;plains;4
2545;plains;4
2546;plains;4
2547;plains;4
2548;plains;4
2549;desert;3
2550;hills;1
2551;marsh;9
2552;plains;4
2553;plains;4
2554;plains;4
2555;plains;4
2556;plains;4
2557;hills;1
2558;plains;4
2559;plains;4
2560;plains;4
2561;hills;1
2562;plains;4
2563;forest;12
2564;plains;4
2565;desert;3
2566;marsh;9
2567;forest;12
2568;forest;12
2569;plains;4
2570;forest;12
2571;hills;1
2572;forest;12
2573;forest;12
2574;forest;12
2575;forest;12
2576;mountain;6
2577;forest;12
2578;hills;1
2579;hills;1
2580;hills;1
2581;plains;4
2582;plains;4
2583;hills;1
2584;desert;3
2585;desert;3
2586;plains;4
2587;hills;1
2588;desert;3
2589;hills;1
2590;hills;1
2591;hills;1
2592;hills;1
2593;plains;4
2594;plains;4
2595;plains;4
2596;plains;4
2597;plains;4
2598;forest;12
2599;plains;4
2600;plains;4
2601;plains;4
2602;plains;4
2603;plains;4
2604;plains;4
2605;plains;4
2606;plains;4
2607;plains;4
2608;plains;4
2609;plains;4
2610;plains;4
2611;hills;1
2612;hills;1
2613;plains;4
2614;plains;4
2615;plains;4
2616;hills;1
2617;forest;12
2618;plains;4
2619;forest;12
2620;forest;12
2621;plains;4
2622;plains;4
2623;plains;4
2624;forest;12
2625;forest;12
2626;forest;12
2627;hills;1
2628;forest;12
2629;plains;4
2630;plains;4
2631;plains;4
2632;hills;1
2633;plains;4
2634;plains;4
2635;hills;1
2636;plains;4
2637;forest;12
2638;plains;4
2639;forest;12
2640;forest;12
2641;forest;12
2642;forest;12
2643;plains;4
2644;hills;1
2645;hills;1
2646;hills;1
2647;hills;1
2648;hills;1
2649;hills;1
2650;hills;1
2651;plains;4
2652;plains;4
2653;plains;4
2654;forest;12
2655;plains;4
2656;forest;12
2657;forest;12
2658;plains;4
2659;plains;4
2660;plains;4
2661;forest;12
2662;plains;4
2663;plains;4
2664;forest;12
2665;hills;1
2666;forest;12
2667;hills;1
2668;plains;4
2669;plains;4
2670;plains;4
2671;hills;1
2672;plains;4
2673;plains;4
2674;forest;12
2675;forest;12
2676;hills;1
2677;forest;12
2678;plains;4
2679;plains;4
2680;plains;4
2681;forest;12
2682;plains;4
2683;forest;12
2684;forest;12
2685;urban;10
2686;urban;10
2687;urban;10
2688;urban;10
2689;urban;10
2690;urban;10
2691;plains;4
2692;plains;4
2693;plains;4
2694;plains;4
2695;plains;4
2696;plains;4
2697;plains;4
2698;plains;4
2699;plains;4
2700;plains;4
2701;plains;4
2702;plains;4
2703;plains;4
2704;plains;4
2705;plains;4
2706;plains;4
2707;plains;4
2708;forest;12
2709;plains;4
2710;plains;4
2711;plains;4
2712;plains;4
2713;plains;4
2714;plains;4
2715;plains;4
2716;plains;4
2717;plains;4
2718;plains;4
2719;plains;4
2720;plains;4
2721;mountain;6
2722;forest;12
2723;forest;12
2724;plains;4
2725;plains;4
2726;plains;4
2727;plains;4
2728;plains;4
2729;plains;4
2730;plains;4
2731;hills;1
2732;hills;1
2733;urban;10
2734;hills;1
2735;marsh;9
2736;hills;1
2737;hills;1
2738;hills;1
2739;plains;4
2740;plains;4
2741;forest;12
2742;urban;10
2743;plains;4
2744;forest;12
2745;forest;12
2746;forest;12
2747;plains;4
2748;mountain;6
2749;plains;4
2750;plains;4
2751;plains;4
2752;plains;4
2753;plains;4
2754;plains;4
2755;plains;4
2756;hills;1
2757;plains;4
2758;plains;4
2759;hills;1
2760;plains;4
2761;plains;4
2762;plains;4
2763;plains;4
2764;plains;4
2765;plains;4
2766;plains;4
2767;plains;4
2768;plains;4
2769;plains;4
2770;plains;4
2771;forest;12
2772;urban;10
2773;urban;10
2774;forest;12
2775;hills;1
2776;forest;12
2777;desert;3
2778;plains;4
2779;forest;12
2780;desert;3
2781;desert;3
2782;desert;3
2783;hills;1
2784;hills;1
2785;desert;3
2786;desert;3
2787;desert;3
2788;desert;3
2789;urban;10
2790;jungle;254
2791;hills;1
2792;jungle;254
2793;jungle;254
2794;jungle;254
2795;jungle;254
2796;jungle;254
2797;plains;4
2798;hills;1
2799;hills;1
2800;jungle;254
2801;jungle;254
2802;hills;1
2803;marsh;9
2804;marsh;9
2805;marsh;9
2806;marsh;9
2807;hills;1
2808;forest;12
2809;hills;1
2810;forest;12
2811;hills;1
2812;plains;4
2813;forest;12
2814;plains;4
2815;plains;4
2816;plains;4
2817;plains;4
2818;plains;4
2819;forest;12
2820;forest;12
2821;plains;4
2822;forest;12
2823;plains;4
2824;forest;12
2825;plains;4
2826;forest;12
2827;plains;4
2828;plains;4
2829;plains;4
2830;plains;4
2831;forest;12
2832;hills;1
2833;hills;1
2834;plains;4
2835;plains;4
2836;plains;4
2837;plains;4
2838;plains;4
2839;plains;4
2840;plains;4
2841;plains;4
2842;plains;4
2843;plains;4
2844;plains;4
2845;plains;4
2846;plains;4
2847;plains;4
2848;plains;4
2849;plains;4
2850;forest;12
2851;plains;4
2852;plains;4
2853;plains;4
2854;forest;12
2855;plains;4
2856;forest;12
2857;plains;4
2858;plains;4
2859;hills;1
2860;hills;1
2861;plains;4
2862;plains;4
2863;plains;4
2864;plains;4
2865;plains;4
2866;plains;4
2867;plains;4
2868;plains;4
2869;hills;1
2870;hills;1
2871;marsh;9
2872;plains;4
2873;hills;1
2874;hills;1
2875;plains;4
2876;hills;1
2877;plains;4
2878;forest;12
2879;plains;4
2880;forest;12
2881;forest;12
2882;forest;12
2883;forest;12
2884;forest;12
2885;forest;12
2886;forest;12
2887;forest;12
2888;plains;4
2889;plains;4
2890;plains;4
2891;plains;4
2892;forest;12
2893;plains;4
2894;plains;4
2895;plains;4
2896;plains;4
2897;hills;1
2898;hills;1
2899;hills;1
2900;hills;1
2901;plains;4
2902;plains;4
2903;plains;4
2904;hills;1
2905;hills;1
2906;plains;4
2907;plains;4
2908;plains;4
2909;plains;4
2910;plains;4
2911;plains;4
2912;plains;4
2913;plains;4
2914;forest;12
2915;forest;12
2916;plains;4
2917;plains;4
2918;hills;1
2919;plains;4
2920;hills;1
2921;plains;4
2922;hills;1
2923;hills;1
2924;plains;4
2925;hills;1
2926;plains;4
2927;hills;1
2928;hills;1
2929;hills;1
2930;forest;12
2931;hills;1
2932;forest;12
2933;hills;1
2934;hills;1
2935;hills;1
2936;hills;1
2937;plains;4
2938;plains;4
2939;plains;4
2940;plains;4
2941;plains;4
2942;plains;4
2943;plains;4
2944;plains;4
2945;plains;4
2946;plains;4
2947;plains;4
2948;forest;12
2949;plains;4
2950;plains;4
2951;plains;4
2952;plains;4
2953;plains;4
2954;forest;12
2955;plains;4
2956;plains;4
2957;plains;4
2958;plains;4
2959;forest;12
2960;forest;12
2961;plains;4
2962;forest;12
2963;forest;12
2964;plains;4
2965;forest;12
2966;forest;12
2967;plains;4
2968;forest;12
2969;forest;12
2970;forest;12
2971;forest;12
2972;plains;4
2973;forest;12
2974;forest;12
2975;forest;12
2976;plains;4
2977;plains;4
2978;plains;4
2979;urban;10
2980;plains;4
2981;marsh;9
2982;marsh;9
2983;plains;4
2984;plains;4
2985;forest;12
2986;forest;12
2987;forest;12
2988;plains;4
2989;urban;10
2990;plains;4
2991;plains;4
2992;hills;1
2993;hills;1
2994;plains;4
2995;hills;1
2996;plains;4
2997;plains;4
2998;hills;1
2999;forest;12
3000;plains;4
3001;plains;4
3002;desert;3
3003;desert;3
3004;desert;3
3005;desert;3
3006;desert;3
3007;desert;3
3008;desert;3
3009;desert;3
3010;hills;1
3011;mountain;6
3012;desert;3
3013;desert;3
3014;desert;3
3015;desert;3
3016;salt;3
3017;salt;3
3018;salt;3
3019;salt;3
3020;desert;3
3021;desert;3
3022;salt;3
3023;salt;3
3024;salt;3
3025;salt;3
3026;marsh;9
3027;plains;4
3028;hills;1
3029;hills;1
3030;forest;12
3031;hills;1
3032;mountain;6
3033;hills;1
3034;hills;1
3035;hills;1
3036;hills;1
3037;desert;3
3038;desert;3
3039;desert;3
3040;desert;3
3041;desert;3
3042;desert;3
3043;desert;3
3044;desert;3
3045;desert;3
3046;desert;3
3047;desert;3
3048;desert;3
3049;desert;3
3050;desert;3
3051;desert;3
3052;desert;3
3053;desert;3
3054;desert;3
3055;desert;3
3056;desert;3
3057;hills;1
3058;hills;1
3059;hills;1
3060;hills;1
3061;hills;1
3062;plains;4
3063;hills;1
3064;hills;1
3065;hills;1
3066;plains;4
3067;plains;4
3068;plains;4
3069;plains;4
3070;plains;4
3071;mountain;6
3072;hills;1
3073;hills;1
3074;forest;12
3075;hills;1
3076;mountain;6
3077;mountain;6
3078;mountain;6
3079;plains;4
3080;hills;1
3081;hills;1
3082;hills;1
3083;hills;1
3084;plains;4
3085;hills;1
3086;plains;4
3087;plains;4
3088;plains;4
3089;hills;1
3090;plains;4
3091;plains;4
3092;hills;1
3093;mountain;6
3094;mountain;6
3095;plains;4
3096;marsh;9
3097;plains;4
3098;marsh;9
3099;marsh;9
3100;marsh;9
3101;plains;4
3102;marsh;9
3103;plains;4
3104;plains;4
3105;plains;4
3106;plains;4
3107;plains;4
3108;plains;4
3109;plains;4
3110;plains;4
3111;plains;4
3112;plains;4
3113;plains;4
3114;marsh;9
3115;plains;4
3116;plains;4
3117;plains;4
3118;urban;10
3119;marsh;9
3120;plains;4
3121;marsh;9
3122;plains;4
3123;forest;12
3124;plains;4
3125;plains;4
3126;plains;4
3127;plains;4
3128;forest;12
3129;forest;12
3130;plains;4
3131;plains;4
3132;plains;4
3133;plains;4
3134;plains;4
3135;plains;4
3136;plains;4
3137;urban;10
3138;forest;12
3139;plains;4
3140;plains;4
3141;plains;4
3142;plains;4
3143;forest;12
3144;marsh;9
3145;plains;4
3146;marsh;9
3147;hills;1
3148;hills;1
3149;hills;1
3150;hills;1
3151;desert;3
3152;desert;3
3153;desert;3
3154;desert;3
3155;desert;3
3156;desert;3
3157;desert;3
3158;plains;4
3159;jungle;254
3160;hills;1
3161;plains;4
3162;jungle;254
3163;forest;12
3164;jungle;254
3165;hills;1
3166;hills;1
3167;marsh;9
3168;hills;1
3169;hills;1
3170;forest;12
3171;mountain;6
3172;mountain;6
3173;marsh;9
3174;marsh;9
3175;forest;12
3176;jungle;254
3177;jungle;254
3178;hills;1
3179;jungle;254
3180;jungle;254
3181;hills;1
3182;forest;12
3183;forest;12
3184;hills;1
3185;plains;4
3186;hills;1
3187;hills;1
3188;hills;1
3189;forest;12
3190;plains;4
3191;hills;1
3192;plains;4
3193;hills;1
3194;plains;4
3195;plains;4
3196;plains;4
3197;hills;1
3198;hills;1
3199;hills;1
3200;hills;1
3201;plains;4
3202;plains;4
3203;hills;1
3204;hills;1
3205;plains;4
3206;forest;12
3207;hills;1
3208;hills;1
3209;forest;12
3210;hills;1
3211;marsh;9
3212;hills;1
3213;hills;1
3214;plains;4
3215;plains;4
3216;forest;12
3217;marsh;9
3218;forest;12
3219;forest;12
3220;forest;12
3221;marsh;9
3222;forest;12
3223;forest;12
3224;plains;4
3225;plains;4
3226;plains;4
3227;marsh;9
3228;forest;12
3229;plains;4
3230;plains;4
3231;plains;4
3232;plains;4
3233;plains;4
3234;forest;12
3235;plains;4
3236;marsh;9
3237;forest;12
3238;plains;4
3239;plains;4
3240;hills;1
3241;plains;4
3242;plains;4
3243;plains;4
3244;plains;4
3245;plains;4
3246;plains;4
3247;plains;4
3248;plains;4
3249;plains;4
3250;plains;4
3251;plains;4
3252;plains;4
3253;plains;4
3254;plains;4
3255;plains;4
3256;forest;12
3257;hills;1
3258;hills;1
3259;hills;1
3260;hills;1
3261;plains;4
3262;plains;4
3263;plains;4
3264;forest;12
3265;plains;4
3266;plains;4
3267;plains;4
3268;plains;4
3269;plains;4
3270;plains;4
3271;plains;4
3272;plains;4
3273;plains;4
3274;plains;4
3275;jungle;254
3276;plains;4
3277;plains;4
3278;plains;4
3279;plains;4
3280;plains;4
3281;plains;4
3282;plains;4
3283;plains;4
3284;plains;4
3285;plains;4
3286;hills;1
3287;hills;1
3288;hills;1
3289;plains;4
3290;hills;1
3291;plains;4
3292;plains;4
3293;plains;4
3294;marsh;9
3295;plains;4
3296;hills;1
3297;hills;1
3298;plains;4
3299;plains;4
3300;plains;4
3301;plains;4
3302;plains;4
3303;hills;1
3304;plains;4
3305;plains;4
3306;hills;1
3307;plains;4
3308;plains;4
3309;marsh;9
3310;plains;4
3311;marsh;9
3312;marsh;9
3313;marsh;9
3314;marsh;9
3315;plains;4
3316;hills;1
3317;plains;4
3318;plains;4
3319;forest;12
3320;forest;12
3321;hills;1
3322;plains;4
3323;hills;1
3324;hills;1
3325;plains;4
3326;plains;4
3327;plains;4
3328;plains;4
3329;plains;4
3330;hills;1
3331;hills;1
3332;hills;1
3333;plains;4
3334;plains;4
3335;plains;4
3336;plains;4
3337;hills;1
3338;hills;1
3339;plains;4
3340;plains;4
3341;plains;4
3342;hills;1
3343;plains;4
3344;plains;4
3345;plains;4
3346;plains;4
3347;urban;10
3348;plains;4
3349;plains;4
3350;hills;1
3351;hills;1
3352;hills;1
3353;hills;1
3354;hills;1
3355;hills;1
3356;hills;1
3357;hills;1
3358;hills;1
3359;hills;1
3360;hills;1
3361;hills;1
3362;hills;1
3363;hills;1
3364;hills;1
3365;plains;4
3366;plains;4
3367;plains;4
3368;plains;4
3369;plains;4
3370;plains;4
3371;hills;1
3372;plains;4
3373;plains;4
3374;plains;4
3375;plains;4
3376;forest;12
3377;plains;4
3378;plains;4
3379;forest;12
3380;forest;12
3381;forest;12
3382;forest;12
3383;plains;4
3384;plains;4
3385;plains;4
3386;forest;12
3387;forest;12
3388;forest;12
3389;plains;4
3390;plains;4
3391;forest;12
3392;forest;12
3393;plains;4
3394;forest;12
3395;urban;10
3396;forest;12
3397;plains;4
3398;forest;12
3399;plains;4
3400;plains;4
3401;plains;4
3402;hills;1
3403;urban;10
3404;desert;3
3405;hills;1
3406;mountain;6
3407;hills;1
3408;desert;3
3409;desert;3
3410;hills;1
3411;hills;1
3412;hills;1
3413;desert;3
3414;desert;3
3415;hills;1
3416;hills;1
3417;hills;1
3418;hills;1
3419;hills;1
3420;hills;1
3421;hills;1
3422;hills;1
3423;hills;1
3424;desert;3
3425;desert;3
3426;hills;1
3427;forest;12
3428;forest;12
3429;plains;4
3430;forest;12
3431;plains;4
3432;desert;3
3433;desert;3
3434;hills;1
3435;hills;1
3436;desert;3
3437;plains;4
3438;plains;4
3439;plains;4
3440;plains;4
3441;plains;4
3442;plains;4
3443;plains;4
3444;forest;12
3445;plains;4
3446;plains;4
3447;plains;4
3448;plains;4
3449;plains;4
3450;forest;12
3451;plains;4
3452;forest;12
3453;plains;4
3454;plains;4
3455;plains;4
3456;plains;4
3457;plains;4
3458;hills;1
3459;forest;12
3460;plains;4
3461;plains;4
3462;hills;1
3463;plains;4
3464;plains;4
3465;plains;4
3466;plains;4
3467;plains;4
3468;forest;12
3469;plains;4
3470;forest;12
3471;hills;1
3472;hills;1
3473;plains;4
3474;hills;1
3475;forest;12
3476;forest;12
3477;hills;1
3478;hills;1
3479;desert;3
3480;desert;3
3481;desert;3
3482;desert;3
3483;plains;4
3484;plains;4
3485;plains;4
3486;plains;4
3487;plains;4
3488;plains;4
3489;plains;4
3490;plains;4
3491;plains;4
3492;plains;4
3493;plains;4
3494;plains;4
3495;plains;4
3496;plains;4
3497;plains;4
3498;forest;12
3499;plains;4
3500;plains;4
3501;plains;4
3502;plains;4
3503;plains;4
3504;jungle;254
3505;plains;4
3506;jungle;254
3507;hills;1
3508;hills;1
3509;plains;4
3510;plains;4
3511;marsh;9
3512;jungle;254
3513;plains;4
3514;plains;4
3515;plains;4
3516;forest;12
3517;plains;4
3518;plains;4
3519;forest;12
3520;forest;12
3521;forest;12
3522;jungle;254
3523;jungle;254
3524;forest;12
3525;plains;4
3526;hills;1
3527;plains;4
3528;plains;4
3529;urban;10
3530;plains;4
3531;plains;4
3532;plains;4
3533;plains;4
3534;plains;4
3535;plains;4
3536;desert;3
3537;desert;3
3538;jungle;254
3539;jungle;254
3540;jungle;254
3541;jungle;254
3542;jungle;254
3543;plains;4
3544;plains;4
3545;mountain;6
3546;marsh;9
3547;plains;4
3548;desert;3
3549;desert;3
3550;mountain;6
3551;marsh;9
3552;plains;4
3553;plains;4
3554;plains;4
3555;desert;3
3556;desert;3
3557;desert;3
3558;desert;3
3559;forest;12
3560;forest;12
3561;jungle;254
3562;forest;12
3563;forest;12
3564;forest;12
3565;jungle;254
3566;urban;10
3567;marsh;9
3568;plains;4
3569;plains;4
3570;marsh;9
3571;marsh;9
3572;marsh;9
3573;forest;12
3574;forest;12
3575;forest;12
3576;forest;12
3577;jungle;254
3578;desert;3
3579;desert;3
3580;desert;3
3581;desert;3
3582;desert;3
3583;desert;3
3584;forest;12
3585;desert;3
3586;desert;3
3587;desert;3
3588;desert;3
3589;desert;3
3590;desert;3
3591;desert;3
3592;desert;3
3593;desert;3
3594;desert;3
3595;hills;1
3596;desert;3
3597;desert;3
3598;desert;3
3599;desert;3
3600;desert;3
3601;desert;3
3602;mountain;6
3603;desert;3
3604;desert;3
3605;desert;3
3606;desert;3
3607;desert;3
3608;forest;12
3609;forest;12
3610;marsh;9
3611;plains;4
3612;forest;12
3613;plains;4
3614;desert;3
3615;desert;3
3616;desert;3
3617;desert;3
3618;desert;3
3619;desert;3
3620;desert;3
3621;desert;3
3622;desert;3
3623;desert;3
3624;desert;3
3625;desert;3
3626;desert;3
3627;desert;3
3628;urban;10
3629;desert;3
3630;desert;3
3631;desert;3
3632;desert;3
3633;desert;3
3634;hills;1
3635;desert;3
3636;desert;3
3637;desert;3
3638;hills;1
3639;desert;3
3640;desert;3
3641;desert;3
3642;desert;3
3643;desert;3
3644;desert;3
3645;desert;3
3646;desert;3
3647;desert;3
3648;desert;3
3649;desert;3
3650;desert;3
3651;desert;3
3652;desert;3
3653;mountain;6
3654;desert;3
3655;desert;3
3656;plains;4
3657;hills;1
3658;hills;1
3659;plains;4
3660;mountain;6
3661;plains;4
3662;plains;4
3663;desert;3
3664;desert;3
3665;desert;3
3666;hills;1
3667;plains;4
3668;hills;1
3669;hills;1
3670;plains;4
3671;hills;1
3672;hills;1
3673;hills;1
3674;hills;1
3675;hills;1
3676;plains;4
3677;hills;1
3678;hills;1
3679;hills;1
3680;hills;1
3681;hills;1
3682;plains;4
3683;hills;1
3684;desert;3
3685;desert;3
3686;desert;3
3687;desert;3
3688;desert;3
3689;desert;3
3690;desert;3
3691;desert;3
3692;desert;3
3693;mountain;6
3694;desert;3
3695;desert;3
3696;desert;3
3697;desert;3
3698;plains;4
3699;plains;4
3700;plains;4
3701;plains;4
3702;plains;4
3703;plains;4
3704;plains;4
3705;plains;4
3706;plains;4
3707;plains;4
3708;plains;4
3709;hills;1
3710;desert;3
3711;plains;4
3712;hills;1
3713;plains;4
3714;hills;1
3715;plains;4
3716;plains;4
3717;plains;4
3718;hills;1
3719;plains;4
3720;desert;3
3721;plains;4
3722;forest;12
3723;forest;12
3724;forest;12
3725;forest;12
3726;plains;4
3727;forest;12
3728;forest;12
3729;mountain;6
3730;forest;12
3731;urban;10
3732;hills;1
3733;desert;3
3734;plains;4
3735;desert;3
3736;plains;4
3737;plains;4
3738;plains;4
3739;plains;4
3740;plains;4
3741;plains;4
3742;forest;12
3743;forest;12
3744;forest;12
3745;plains;4
3746;forest;12
3747;plains;4
3748;forest;12
3749;forest;12
3750;forest;12
3751;plains;4
3752;mountain;6
3753;plains;4
3754;plains;4
3755;plains;4
3756;plains;4
3757;forest;12
3758;forest;12
3759;plains;4
3760;forest;12
3761;forest;12
3762;forest;12
3763;plains;4
3764;forest;12
3765;mountain;6
3766;plains;4
3767;forest;12
3768;plains;4
3769;plains;4
3770;plains;4
3771;plains;4
3772;plains;4
3773;plains;4
3774;forest;12
3775;plains;4
3776;plains;4
3777;forest;12
3778;forest;12
3779;forest;12
3780;forest;12
3781;plains;4
3782;plains;4
3783;plains;4
3784;mountain;6
3785;plains;4
3786;forest;12
3787;hills;1
3788;plains;4
3789;hills;1
3790;plains;4
3791;hills;1
3792;plains;4
3793;plains;4
3794;plains;4
3795;plains;4
3796;plains;4
3797;hills;1
3798;plains;4
3799;plains;4
3800;plains;4
3801;plains;4
3802;plains;4
3803;plains;4
3804;plains;4
3805;plains;4
3806;plains;4
3807;plains;4
3808;forest;12
3809;plains;4
3810;plains;4
3811;plains;4
3812;plains;4
3813;plains;4
3814;plains;4
3815;desert;3
3816;desert;3
3817;desert;3
3818;desert;3
3819;desert;3
3820;jungle;254
3821;jungle;254
3822;desert;3
3823;desert;3
3824;desert;3
3825;desert;3
3826;desert;3
3827;desert;3
3828;desert;3
3829;desert;3
3830;desert;3
3831;plains;4
3832;plains;4
3833;plains;4
3834;plains;4
3835;plains;4
3836;plains;4
3837;plains;4
3838;plains;4
3839;plains;4
3840;forest;12
3841;mountain;6
3842;plains;4
3843;plains;4
3844;plains;4
3845;plains;4
3846;plains;4
3847;plains;4
3848;forest;12
3849;plains;4
3850;forest;12
3851;urban;10
3852;plains;4
3853;plains;4
3854;plains;4
3855;marsh;9
3856;forest;12
3857;plains;4
3858;plains;4
3859;mountain;6
3860;plains;4
3861;plains;4
3862;plains;4
3863;plains;4
3864;plains;4
3865;mountain;6
3866;plains;4
3867;plains;4
3868;plains;4
3869;forest;12
3870;mountain;6
3871;plains;4
3872;plains;4
3873;plains;4
3874;plains;4
3875;plains;4
3876;plains;4
3877;plains;4
3878;plains;4
3879;plains;4
3880;plains;4
3881;plains;4
3882;plains;4
3883;plains;4
3884;plains;4
3885;plains;4
3886;plains;4
3887;plains;4
3888;plains;4
3889;plains;4
3890;plains;4
3891;plains;4
3892;plains;4
3893;plains;4
3894;plains;4
3895;forest;12
3896;plains;4
3897;forest;12
3898;forest;12
3899;forest;12
3900;plains;4
3901;forest;12
3902;plains;4
3903;forest;12
3904;plains;4
3905;hills;1
3906;jungle;254
3907;jungle;254
3908;jungle;254
3909;forest;12
3910;forest;12
3911;plains;4
3912;hills;1
3913;plains;4
3914;hills;1
3915;plains;4
3916;plains;4
3917;plains;4
3918;plains;4
3919;jungle;254
3920;hills;1
3921;desert;3
3922;hills;1
3923;mountain;6
3924;plains;4
3925;hills;1
3926;mountain;6
3927;hills;1
3928;plains;4
3929;plains;4
3930;plains;4
3931;plains;4
3932;plains;4
3933;plains;4
3934;plains;4
3935;plains;4
3936;plains;4
3937;plains;4
3938;plains;4
3939;hills;1
3940;plains;4
3941;plains;4
3942;forest;12
3943;plains;4
3944;jungle;254
3945;plains;4
3946;forest;12
3947;forest;12
3948;forest;12
3949;plains;4
3950;plains;4
3951;plains;4
3952;forest;12
3953;plains;4
3954;plains;4
3955;plains;4
3956;plains;4
3957;plains;4
3958;forest;12
3959;forest;12
3960;forest;12
3961;forest;12
3962;plains;4
3963;plains;4
3964;forest;12
3965;forest;12
3966;plains;4
3967;forest;12
3968;forest;12
3969;mountain;6
3970;mountain;6
3971;mountain;6
3972;mountain;6
3973;mountain;6
3974;mountain;6
3975;mountain;6
3976;mountain;6
3977;mountain;6
3978;mountain;6
3979;mountain;6
3980;mountain;6
3981;forest;12
3982;forest;12
3983;forest;12
3984;plains;4
3985;plains;4
3986;plains;4
3987;forest;12
3988;forest;12
3989;forest;12
3990;plains;4
3991;mountain;6
3992;forest;12
3993;forest;12
3994;forest;12
3995;forest;12
3996;forest;12
3997;mountain;6
3998;plains;4
3999;plains;4
4000;plains;4
4001;plains;4
4002;forest;12
4003;forest;12
4004;plains;4
4005;plains;4
4006;plains;4
4007;plains;4
4008;plains;4
4009;mountain;6
4010;mountain;6
4011;mountain;6
4012;mountain;6
4013;mountain;6
4014;mountain;6
4015;mountain;6
4016;mountain;6
4017;mountain;6
4018;mountain;6
4019;mountain;6
4020;mountain;6
4021;mountain;6
4022;forest;12
4023;forest;12
4024;plains;4
4025;forest;12
4026;forest;12
4027;forest;12
4028;forest;12
4029;forest;12
4030;forest;12
4031;forest;12
4032;forest;12
4033;plains;4
4034;forest;12
4035;forest;12
4036;forest;12
4037;plains;4
4038;plains;4
4039;plains;4
4040;forest;12
4041;forest;12
4042;forest;12
4043;marsh;9
4044;mountain;6
4045;mountain;6
4046;mountain;6
4047;mountain;6
4048;mountain;6
4049;mountain;6
4050;mountain;6
4051;mountain;6
4052;mountain;6
4053;mountain;6
4054;mountain;6
4055;urban;10
4056;mountain;6
4057;urban;10
4058;mountain;6
4059;plains;4
4060;plains;4
4061;forest;12
4062;plains;4
4063;plains;4
4064;plains;4
4065;plains;4
4066;plains;4
4067;plains;4
4068;forest;12
4069;forest;12
4070;plains;4
4071;forest;12
4072;plains;4
4073;plains;4
4074;plains;4
4075;plains;4
4076;plains;4
4077;hills;1
4078;hills;1
4079;plains;4
4080;forest;12
4081;forest;12
4082;plains;4
4083;forest;12
4084;marsh;9
4085;plains;4
4086;marsh;9
4087;plains;4
4088;marsh;9
4089;marsh;9
4090;plains;4
4091;plains;4
4092;plains;4
4093;plains;4
4094;plains;4
4095;plains;4
4096;forest;12
4097;plains;4
4098;forest;12
4099;plains;4
4100;plains;4
4101;plains;4
4102;plains;4
4103;plains;4
4104;plains;4
4105;hills;1
4106;hills;1
4107;plains;4
4108;plains;4
4109;plains;4
4110;hills;1
4111;plains;4
4112;plains;4
4113;plains;4
4114;plains;4
4115;plains;4
4116;urban;10
4117;hills;1
4118;plains;4
4119;plains;4
4120;forest;12
4121;plains;4
4122;plains;4
4123;plains;4
4124;plains;4
4125;plains;4
4126;plains;4
4127;hills;1
4128;plains;4
4129;plains;4
4130;plains;4
4131;hills;1
4132;urban;10
4133;plains;4
4134;plains;4
4135;hills;1
4136;plains;4
4137;plains;4
4138;forest;12
4139;hills;1
4140;urban;10
4141;hills;1
4142;hills;1
4143;forest;12
4144;plains;4
4145;forest;12
4146;plains;4
4147;plains;4
4148;plains;4
4149;plains;4
4150;forest;12
4151;plains;4
4152;forest;12
4153;plains;4
4154;hills;1
4155;plains;4
4156;hills;1
4157;plains;4
4158;plains;4
4159;forest;12
4160;forest;12
4161;plains;4
4162;hills;1
4163;plains;4
4164;forest;12
4165;plains;4
4166;desert;3
4167;plains;4
4168;plains;4
4169;plains;4
4170;plains;4
4171;mountain;6
4172;plains;4
4173;plains;4
4174;plains;4
4175;plains;4
4176;plains;4
4177;plains;4
4178;plains;4
4179;forest;12
4180;forest;12
4181;desert;3
4182;desert;3
4183;desert;3
4184;mountain;6
4185;plains;4
4186;plains;4
4187;forest;12
4188;forest;12
4189;forest;12
4190;jungle;254
4191;forest;12
4192;forest;12
4193;forest;12
4194;forest;12
4195;hills;1
4196;hills;1
4197;plains;4
4198;hills;1
4199;urban;10
4200;plains;4
4201;forest;12
4202;plains;4
4203;plains;4
4204;desert;3
4205;desert;3
4206;desert;3
4207;hills;1
4208;plains;4
4209;hills;1
4210;hills;1
4211;urban;10
4212;forest;12
4213;hills;1
4214;hills;1
4215;hills;1
4216;hills;1
4217;plains;4
4218;plains;4
4219;plains;4
4220;plains;4
4221;plains;4
4222;plains;4
4223;plains;4
4224;plains;4
4225;hills;1
4226;hills;1
4227;plains;4
4228;plains;4
4229;urban;10
4230;hills;1
4231;hills;1
4232;hills;1
4233;plains;4
4234;plains;4
4235;plains;4
4236;hills;1
4237;plains;4
4238;plains;4
4239;plains;4
4240;plains;4
4241;hills;1
4242;hills;1
4243;hills;1
4244;hills;1
4245;hills;1
4246;desert;3
4247;desert;3
4248;plains;4
4249;jungle;254
4250;plains;4
4251;forest;12
4252;plains;4
4253;plains;4
4254;plains;4
4255;plains;4
4256;plains;4
4257;mountain;6
4258;plains;4
4259;plains;4
4260;plains;4
4261;plains;4
4262;plains;4
4263;hills;1
4264;hills;1
4265;forest;12
4266;plains;4
4267;plains;4
4268;desert;3
4269;hills;1
4270;hills;1
4271;hills;1
4272;mountain;6
4273;hills;1
4274;plains;4
4275;forest;12
4276;plains;4
4277;forest;12
4278;plains;4
4279;desert;3
4280;desert;3
4281;desert;3
4282;hills;1
4283;desert;3
4284;hills;1
4285;hills;1
4286;hills;1
4287;plains;4
4288;forest;12
4289;forest;12
4290;forest;12
4291;forest;12
4292;plains;4
4293;plains;4
4294;plains;4
4295;urban;10
4296;desert;3
4297;urban;10
4298;desert;3
4299;desert;3
4300;desert;3
4301;hills;1
4302;hills;1
4303;hills;1
4304;hills;1
4305;plains;4
4306;plains;4
4307;hills;1
4308;hills;1
4309;plains;4
4310;plains;4
4311;plains;4
4312;plains;4
4313;plains;4
4314;plains;4
4315;plains;4
4316;plains;4
4317;plains;4
4318;plains;4
4319;hills;1
4320;hills;1
4321;plains;4
4322;hills;1
4323;hills;1
4324;hills;1
4325;plains;4
4326;plains;4
4327;plains;4
4328;plains;4
4329;mountain;6
4330;desert;3
4331;jungle;254
4332;hills;1
4333;plains;4
4334;plains;4
4335;plains;4
4336;plains;4
4337;marsh;9
4338;plains;4
4339;plains;4
4340;plains;4
4341;urban;10
4342;hills;1
4343;plains;4
4344;plains;4
4345;plains;4
4346;hills;1
4347;plains;4
4348;plains;4
4349;plains;4
4350;plains;4
4351;marsh;9
4352;plains;4
4353;plains;4
4354;plains;4
4355;plains;4
4356;plains;4
4357;marsh;9
4358;marsh;9
4359;plains;4
4360;plains;4
4361;marsh;9
4362;plains;4
4363;plains;4
4364;plains;4
4365;plains;4
4366;plains;4
4367;plains;4
4368;plains;4
4369;plains;4
4370;plains;4
4371;plains;4
4372;plains;4
4373;forest;12
4374;plains;4
4375;plains;4
4376;hills;1
4377;hills;1
4378;plains;4
4379;plains;4
4380;plains;4
4381;plains;4
4382;plains;4
4383;plains;4
4384;plains;4
4385;hills;1
4386;plains;4
4387;plains;4
4388;plains;4
4389;desert;3
4390;plains;4
4391;hills;1
4392;plains;4
4393;forest;12
4394;plains;4
4395;plains;4
4396;hills;1
4397;marsh;9
4398;desert;3
4399;desert;3
4400;desert;3
4401;desert;3
4402;mountain;6
4403;plains;4
4404;plains;4
4405;plains;4
4406;plains;4
4407;marsh;9
4408;plains;4
4409;plains;4
4410;plains;4
4411;marsh;9
4412;marsh;9
4413;plains;4
4414;marsh;9
4415;plains;4
4416;plains;4
4417;marsh;9
4418;plains;4
4419;plains;4
4420;plains;4
4421;plains;4
4422;hills;1
4423;marsh;9
4424;marsh;9
4425;hills;1
4426;plains;4
4427;plains;4
4428;plains;4
4429;urban;10
4430;marsh;9
4431;plains;4
4432;plains;4
4433;plains;4
4434;plains;4
4435;plains;4
4436;plains;4
4437;plains;4
4438;plains;4
4439;plains;4
4440;plains;4
4441;plains;4
4442;plains;4
4443;plains;4
4444;plains;4
4445;plains;4
4446;plains;4
4447;plains;4
4448;plains;4
4449;plains;4
4450;plains;4
4451;plains;4
4452;forest;12
4453;plains;4
4454;marsh;9
4455;plains;4
4456;plains;4
4457;plains;4
4458;marsh;9
4459;plains;4
4460;marsh;9
4461;marsh;9
4462;marsh;9
4463;marsh;9
4464;marsh;9
4465;plains;4
4466;plains;4
4467;desert;3
4468;hills;1
4469;desert;3
4470;plains;4
4471;hills;1
4472;hills;1
4473;hills;1
4474;plains;4
4475;plains;4
4476;marsh;9
4477;plains;4
4478;plains;4
4479;plains;4
4480;urban;10
4481;marsh;9
4482;marsh;9
4483;plains;4
4484;hills;1
4485;urban;10
4486;plains;4
4487;plains;4
4488;plains;4
4489;plains;4
4490;plains;4
4491;plains;4
4492;marsh;9
4493;plains;4
4494;plains;4
4495;plains;4
4496;plains;4
4497;plains;4
4498;plains;4
4499;forest;12
4500;forest;12
4501;plains;4
4502;urban;10
4503;desert;3
4504;plains;4
4505;urban;10
4506;forest;12
4507;plains;4
4508;plains;4
4509;plains;4
4510;urban;10
4511;plains;4
4512;mountain;6
4513;mountain;6
4514;mountain;6
4515;mountain;6
4516;mountain;6
4517;frozen;16
4518;frozen;16
4519;mountain;6
4520;frozen;16
4521;mountain;6
4522;frozen;16
4523;mountain;6
4524;mountain;6
4525;mountain;6
4526;frozen;16
4527;mountain;6
4528;mountain;6
4529;mountain;6
4530;mountain;6
4531;mountain;6
4532;mountain;6
4533;mountain;6
4534;mountain;6
4535;hills;1
4536;forest;12
4537;mountain;6
4538;mountain;6
4539;mountain;6
4540;mountain;6
4541;mountain;6
4542;mountain;6
4543;mountain;6
4544;mountain;6
4545;mountain;6
4546;mountain;6
4547;mountain;6
4548;mountain;6
4549;mountain;6
4550;mountain;6
4551;mountain;6
4552;forest;12
4553;mountain;6
4554;mountain;6
4555;mountain;6
4556;mountain;6
4557;mountain;6
4558;mountain;6
4559;mountain;6
4560;mountain;6
4561;plains;4
4562;mountain;6
4563;mountain;6
4564;mountain;6
4565;mountain;6
4566;mountain;6
4567;mountain;6
4568;mountain;6
4569;hills;1
4570;mountain;6
4571;mountain;6
4572;mountain;6
4573;mountain;6
4574;mountain;6
4575;mountain;6
4576;forest;12
4577;mountain;6
4578;mountain;6
4579;mountain;6
4580;hills;1
4581;mountain;6
4582;hills;1
4583;mountain;6
4584;mountain;6
4585;mountain;6
4586;mountain;6
4587;plains;4
4588;mountain;6
4589;marsh;9
4590;mountain;6
4591;marsh;9
4592;mountain;6
4593;mountain;6
4594;mountain;6
4595;mountain;6
4596;hills;1
4597;mountain;6
4598;mountain;6
4599;hills;1
4600;mountain;6
4601;forest;12
4602;desert;3
4603;hills;1
4604;mountain;6
4605;mountain;6
4606;mountain;6
4607;mountain;6
4608;mountain;6
4609;mountain;6
4610;mountain;6
4611;plains;4
4612;mountain;6
4613;hills;1
4614;forest;12
4615;mountain;6
4616;mountain;6
4617;mountain;6
4618;mountain;6
4619;mountain;6
4620;hills;1
4621;mountain;6
4622;hills;1
4623;mountain;6
4624;mountain;6
4625;mountain;6
4626;hills;1
4627;hills;1
4628;mountain;6
4629;mountain;6
4630;mountain;6
4631;hills;1
4632;mountain;6
4633;mountain;6
4634;mountain;6
4635;mountain;6
4636;jungle;254
4637;plains;4
4638;mountain;6
4639;mountain;6
4640;mountain;6
4641;hills;1
4642;mountain;6
4643;mountain;6
4644;mountain;6
4645;mountain;6
4646;mountain;6
4647;hills;1
4648;mountain;6
4649;hills;1
4650;mountain;6
4651;mountain;6
4652;hills;1
4653;mountain;6
4654;mountain;6
4655;mountain;6
4656;hills;1
4657;mountain;6
4658;hills;1
4659;desert;3
4660;mountain;6
4661;forest;12
4662;hills;1
4663;mountain;6
4664;mountain;6
4665;mountain;6
4666;mountain;6
4667;mountain;6
4668;mountain;6
4669;mountain;6
4670;mountain;6
4671;mountain;6
4672;hills;1
4673;mountain;6
4674;mountain;6
4675;mountain;6
4676;mountain;6
4677;mountain;6
4678;mountain;6
4679;mountain;6
4680;plains;4
4681;mountain;6
4682;mountain;6
4683;mountain;6
4684;mountain;6
4685;mountain;6
4686;mountain;6
4687;mountain;6
4688;forest;12
4689;jungle;254
4690;plains;4
4691;mountain;6
4692;mountain;6
4693;mountain;6
4694;mountain;6
4695;desert;3
4696;plains;4
4697;desert;3
4698;mountain;6
4699;hills;1
4700;plains;4
4701;mountain;6
4702;mountain;6
4703;mountain;6
4704;hills;1
4705;mountain;6
4706;mountain;6
4707;mountain;6
4708;jungle;254
4709;desert;3
4710;mountain;6
4711;jungle;254
4712;mountain;6
4713;jungle;254
4714;mountain;6
4715;hills;1
4716;mountain;6
4717;plains;4
4718;hills;1
4719;mountain;6
4720;mountain;6
4721;mountain;6
4722;mountain;6
4723;mountain;6
4724;hills;1
4725;mountain;6
4726;forest;12
4727;mountain;6
4728;mountain;6
4729;mountain;6
4730;mountain;6
4731;mountain;6
4732;jungle;254
4733;jungle;254
4734;jungle;254
4735;mountain;6
4736;mountain;6
4737;mountain;6
4738;mountain;6
4739;mountain;6
4740;mountain;6
4741;mountain;6
4742;mountain;6
4743;jungle;254
4744;mountain;6
4745;mountain;6
4746;mountain;6
4747;mountain;6
4748;jungle;254
4749;mountain;6
4750;mountain;6
4751;jungle;254
4752;mountain;6
4753;mountain;6
4754;mountain;6
4755;mountain;6
4756;mountain;6
4757;hills;1
4758;mountain;6
4759;hills;1
4760;mountain;6
4761;hills;1
4762;mountain;6
4763;mountain;6
4764;plains;4
4765;jungle;254
4766;jungle;254
4767;hills;1
4768;mountain;6
4769;mountain;6
4770;marsh;9
4771;mountain;6
4772;mountain;6
4773;desert;3
4774;hills;1
4775;jungle;254
4776;mountain;6
4777;hills;1
4778;mountain;6
4779;mountain;6
4780;plains;4
4781;mountain;6
4782;mountain;6
4783;hills;1
4784;desert;3
4785;mountain;6
4786;mountain;6
4787;mountain;6
4788;mountain;6
4789;mountain;6
4790;plains;4
4791;mountain;6
4792;mountain;6
4793;hills;1
4794;mountain;6
4795;mountain;6
4796;mountain;6
4797;hills;1
4798;hills;1
4799;hills;1
4800;forest;12
4801;mountain;6
4802;hills;1
4803;mountain;6
4804;mountain;6
4805;hills;1
4806;desert;3
4807;hills;1
4808;mountain;6
4809;mountain;6
4810;forest;12
4811;mountain;6
4812;hills;1
4813;mountain;6
4814;mountain;6
4815;mountain;6
4816;mountain;6
4817;hills;1
4818;mountain;6
4819;jungle;254
4820;mountain;6
4821;mountain;6
4822;hills;1
4823;plains;4
4824;mountain;6
4825;plains;4
4826;mountain;6
4827;mountain;6
4828;mountain;6
4829;volcanic;6
4830;mountain;6
4831;hills;1
4832;mountain;6
4833;mountain;6
4834;plains;4
4835;mountain;6
4836;mountain;6
4837;mountain;6
4838;hills;1
4839;desert;3
4840;mountain;6
4841;plains;4
4842;mountain;6
4843;mountain;6
4844;mountain;6
4845;mountain;6
4846;mountain;6
4847;volcanic;6
4848;mountain;6
4849;mountain;6
4850;mountain;6
4851;mountain;6
4852;mountain;6
4853;mountain;6
4854;hills;1
4855;plains;4
4856;mountain;6
4857;mountain;6
4858;hills;1
4859;mountain;6
4860;mountain;6
4861;hills;1
4862;mountain;6
4863;mountain;6
4864;mountain;6
4865;hills;1
4866;mountain;6
4867;mountain;6
4868;mountain;6
4869;mountain;6
4870;mountain;6
4871;jungle;254
4872;hills;1
4873;mountain;6
4874;plains;4
4875;plains;4
4876;mountain;6
4877;mountain;6
4878;mountain;6
4879;hills;1
4880;hills;1
4881;mountain;6
4882;volcanic;6
4883;plains;4
4884;hills;1
4885;mountain;6
4886;hills;1
4887;mountain;6
4888;mountain;6
4889;hills;1
4890;hills;1
4891;mountain;6
4892;hills;1
4893;marsh;9
4894;hills;1
4895;hills;1
4896;mountain;6
4897;marsh;9
4898;mountain;6
4899;mountain;6
4900;mountain;6
4901;mountain;6
4902;hills;1
4903;mountain;6
4904;mountain;6
4905;hills;1
4906;mountain;6
4907;hills;1
4908;mountain;6
4909;mountain;6
4910;mountain;6
4911;mountain;6
4912;mountain;6
4913;mountain;6
4914;hills;1
4915;mountain;6
4916;mountain;6
4917;mountain;6
4918;mountain;6
4919;mountain;6
4920;mountain;6
4921;hills;1
4922;hills;1
4923;hills;1
4924;forest;12
4925;mountain;6
4926;mountain;6
4927;mountain;6
4928;mountain;6
4929;mountain;6
4930;forest;12
4931;plains;4
4932;mountain;6
4933;mountain;6
4934;mountain;6
4935;mountain;6
4936;mountain;6
4937;hills;1
4938;mountain;6
4939;mountain;6
4940;mountain;6
4941;mountain;6
4942;mountain;6
4943;mountain;6
4944;mountain;6
4945;mountain;6
4946;mountain;6
4947;mountain;6
4948;mountain;6
4949;hills;1
4950;forest;12
4951;mountain;6
4952;mountain;6
4953;mountain;6
4954;mountain;6
4955;mountain;6
4956;forest;12
4957;mountain;6
4958;mountain;6
4959;mountain;6
4960;mountain;6
4961;mountain;6
4962;mountain;6
4963;mountain;6
4964;frozen;16
4965;mountain;6
4966;mountain;6
4967;mountain;6
4968;mountain;6
4969;mountain;6
4970;mountain;6
4971;mountain;6
4972;frozen;16
4973;frozen;16
4974;mountain;6
4975;mountain;6
4976;mountain;6
4977;mountain;6
4978;mountain;6
4979;mountain;6
4980;forest;12
4981;forest;12
4982;hills;1
4983;mountain;6
4984;marsh;9
4985;plains;4
4986;plains;4
4987;mountain;6
4988;mountain;6
4989;mountain;6
4990;mountain;6
4991;plains;4
4992;mountain;6
4993;mountain;6
4994;mountain;6
4995;mountain;6
4996;mountain;6
4997;mountain;6
4998;mountain;6
4999;mountain;6
5000;mountain;6
5001;mountain;6
5002;mountain;6
5003;mountain;6
5004;mountain;6
5005;mountain;6
5006;mountain;6
5007;mountain;6
5008;mountain;6
